<?xml version="1.0" encoding="UTF-8"?>
<GenRun Id="clk_50MHz_synth_1" LaunchPart="xc7a100tcsg324-1" LaunchTime="1635264581">
  <File Type="PA-TCL" Name="clk_50MHz.tcl"/>
  <File Type="REPORTS-TCL" Name="clk_50MHz_reports.tcl"/>
  <File Type="RDS-RDS" Name="clk_50MHz.vds"/>
  <File Type="RDS-UTIL" Name="clk_50MHz_utilization_synth.rpt"/>
  <File Type="RDS-UTIL-PB" Name="clk_50MHz_utilization_synth.pb"/>
  <File Type="RDS-DCP" Name="clk_50MHz.dcp"/>
  <FileSet Name="sources" Type="BlockSrcs" RelSrcDir="$PSRCDIR/clk_50MHz">
    <File Path="$PSRCDIR/sources_1/ip/clk_50MHz/clk_50MHz.xci">
      <FileInfo>
        <Attr Name="ImportPath" Val="$PPRDIR/../../../../../../../../ECE433/Final Project/ECE433_PongVGA/PongGame2020fallpahse1_JD_NS/PongGame2020fallpahse1_JD_NS.srcs/sources_1/ip/clk_50MHz/clk_50MHz.xci"/>
        <Attr Name="ImportTime" Val="1635264575"/>
        <Attr Name="UsedIn" Val="synthesis"/>
        <Attr Name="UsedIn" Val="implementation"/>
        <Attr Name="UsedIn" Val="simulation"/>
      </FileInfo>
    </File>
    <Config>
      <Option Name="TopModule" Val="clk_50MHz"/>
      <Option Name="UseBlackboxStub" Val="1"/>
    </Config>
  </FileSet>
  <FileSet Name="constrs_in" Type="BlockSrcs" RelSrcDir="$PSRCDIR/clk_50MHz">
    <File Path="$PSRCDIR/sources_1/ip/clk_50MHz/clk_50MHz.xci">
      <FileInfo>
        <Attr Name="ImportPath" Val="$PPRDIR/../../../../../../../../ECE433/Final Project/ECE433_PongVGA/PongGame2020fallpahse1_JD_NS/PongGame2020fallpahse1_JD_NS.srcs/sources_1/ip/clk_50MHz/clk_50MHz.xci"/>
        <Attr Name="ImportTime" Val="1635264575"/>
        <Attr Name="UsedIn" Val="synthesis"/>
        <Attr Name="UsedIn" Val="implementation"/>
        <Attr Name="UsedIn" Val="simulation"/>
      </FileInfo>
    </File>
    <Config>
      <Option Name="TopModule" Val="clk_50MHz"/>
      <Option Name="UseBlackboxStub" Val="1"/>
    </Config>
  </FileSet>
  <FileSet Name="utils" Type="Utils" RelSrcDir="$PSRCDIR/utils_1">
    <Filter Type="Utils"/>
    <Config>
      <Option Name="TopAutoSet" Val="TRUE"/>
    </Config>
  </FileSet>
  <Strategy Version="1" Minor="2">
    <StratHandle Name="Vivado Synthesis Defaults" Flow="Vivado Synthesis 2019"/>
    <Step Id="synth_design"/>
  </Strategy>
</GenRun>
