<?xml version="1.0" encoding="UTF-8"?>
<GenRun Id="impl_1" LaunchPart="xc7a100tcsg324-1" LaunchTime="1635265173">
  <File Type="OPT-HWDEF" Name="pong.hwdef"/>
  <File Type="ROUTE-BUS-SKEW" Name="pong_bus_skew_routed.rpt"/>
  <File Type="PA-DCP" Name="pong.dcp"/>
  <File Type="BITSTR-BMM" Name="pong_bd.bmm"/>
  <File Type="ROUTE-PWR" Name="pong_power_routed.rpt"/>
  <File Type="PA-TCL" Name="pong.tcl"/>
  <File Type="REPORTS-TCL" Name="pong_reports.tcl"/>
  <File Type="ROUTE-PWR-SUM" Name="pong_power_summary_routed.pb"/>
  <File Type="OPT-DCP" Name="pong_opt.dcp"/>
  <File Type="OPT-DRC" Name="pong_drc_opted.rpt"/>
  <File Type="PWROPT-DCP" Name="pong_pwropt.dcp"/>
  <File Type="PLACE-DCP" Name="pong_placed.dcp"/>
  <File Type="PLACE-IO" Name="pong_io_placed.rpt"/>
  <File Type="PLACE-UTIL" Name="pong_utilization_placed.rpt"/>
  <File Type="PLACE-UTIL-PB" Name="pong_utilization_placed.pb"/>
  <File Type="PLACE-CTRL" Name="pong_control_sets_placed.rpt"/>
  <File Type="PLACE-PRE-SIMILARITY" Name="pong_incremental_reuse_pre_placed.rpt"/>
  <File Type="POSTPLACE-PWROPT-DCP" Name="pong_postplace_pwropt.dcp"/>
  <File Type="BG-BIN" Name="pong.bin"/>
  <File Type="PHYSOPT-DCP" Name="pong_physopt.dcp"/>
  <File Type="BITSTR-MSK" Name="pong.msk"/>
  <File Type="ROUTE-ERROR-DCP" Name="pong_routed_error.dcp"/>
  <File Type="ROUTE-DCP" Name="pong_routed.dcp"/>
  <File Type="ROUTE-BLACKBOX-DCP" Name="pong_routed_bb.dcp"/>
  <File Type="ROUTE-DRC" Name="pong_drc_routed.rpt"/>
  <File Type="ROUTE-DRC-PB" Name="pong_drc_routed.pb"/>
  <File Type="BITSTR-LTX" Name="pong.ltx"/>
  <File Type="ROUTE-DRC-RPX" Name="pong_drc_routed.rpx"/>
  <File Type="BITSTR-MMI" Name="pong.mmi"/>
  <File Type="ROUTE-METHODOLOGY-DRC" Name="pong_methodology_drc_routed.rpt"/>
  <File Type="ROUTE-METHODOLOGY-DRC-RPX" Name="pong_methodology_drc_routed.rpx"/>
  <File Type="BITSTR-SYSDEF" Name="pong.sysdef"/>
  <File Type="ROUTE-METHODOLOGY-DRC-PB" Name="pong_methodology_drc_routed.pb"/>
  <File Type="ROUTE-PWR-RPX" Name="pong_power_routed.rpx"/>
  <File Type="ROUTE-STATUS" Name="pong_route_status.rpt"/>
  <File Type="ROUTE-STATUS-PB" Name="pong_route_status.pb"/>
  <File Type="ROUTE-TIMINGSUMMARY" Name="pong_timing_summary_routed.rpt"/>
  <File Type="ROUTE-TIMING-PB" Name="pong_timing_summary_routed.pb"/>
  <File Type="ROUTE-TIMING-RPX" Name="pong_timing_summary_routed.rpx"/>
  <File Type="RDI-RDI" Name="pong.vdi"/>
  <File Type="ROUTE-CLK" Name="pong_clock_utilization_routed.rpt"/>
  <File Type="ROUTE-BUS-SKEW-PB" Name="pong_bus_skew_routed.pb"/>
  <File Type="ROUTE-BUS-SKEW-RPX" Name="pong_bus_skew_routed.rpx"/>
  <File Type="POSTROUTE-PHYSOPT-DCP" Name="pong_postroute_physopt.dcp"/>
  <File Type="POSTROUTE-PHYSOPT-BLACKBOX-DCP" Name="pong_postroute_physopt_bb.dcp"/>
  <File Type="BG-BIT" Name="pong.bit"/>
  <File Type="BITSTR-RBT" Name="pong.rbt"/>
  <File Type="BITSTR-NKY" Name="pong.nky"/>
  <File Type="PDI-FILE" Name="pong.pdi"/>
  <File Type="RCFI_FILE" Name="pong.rcfi"/>
  <File Type="WBT-USG" Name="usage_statistics_webtalk.html"/>
  <File Type="CFI_FILE" Name="pong.cfi"/>
  <File Type="RNPI_FILE" Name="pong.rnpi"/>
  <File Type="NPI_FILE" Name="pong.npi"/>
  <File Type="RBD_FILE" Name="pong.rbd"/>
  <File Type="BG-BGN" Name="pong.bgn"/>
  <File Type="BG-DRC" Name="pong.drc"/>
  <FileSet Name="sources" Type="DesignSrcs" RelSrcDir="$PSRCDIR/sources_1">
    <Filter Type="Srcs"/>
    <File Path="$PSRCDIR/sources_1/imports/Term Project Source Files Folder-20211025/OriginalPong.v">
      <FileInfo>
        <Attr Name="ImportPath" Val="$PPRDIR/../../../../../../../../../../../Downloads/Term Project Source Files Folder-20211025/OriginalPong.v"/>
        <Attr Name="ImportTime" Val="1635186762"/>
        <Attr Name="UsedIn" Val="synthesis"/>
        <Attr Name="UsedIn" Val="implementation"/>
        <Attr Name="UsedIn" Val="simulation"/>
      </FileInfo>
    </File>
    <File Path="$PSRCDIR/sources_1/imports/Term Project Source Files Folder-20211025/vsyncModule2020fallTemplate.v">
      <FileInfo>
        <Attr Name="AutoDisabled" Val="1"/>
        <Attr Name="ImportPath" Val="$PPRDIR/../../../../../../../../../../../Downloads/Term Project Source Files Folder-20211025/vsyncModule2020fallTemplate.v"/>
        <Attr Name="ImportTime" Val="1635186762"/>
        <Attr Name="UsedIn" Val="synthesis"/>
        <Attr Name="UsedIn" Val="implementation"/>
        <Attr Name="UsedIn" Val="simulation"/>
      </FileInfo>
    </File>
    <File Path="$PSRCDIR/sources_1/imports/Term Project Source Files Folder-20211025/CRTClock2020Template.v">
      <FileInfo>
        <Attr Name="AutoDisabled" Val="1"/>
        <Attr Name="ImportPath" Val="$PPRDIR/../../../../../../../../../../../Downloads/Term Project Source Files Folder-20211025/CRTClock2020Template.v"/>
        <Attr Name="ImportTime" Val="1635186762"/>
        <Attr Name="UsedIn" Val="synthesis"/>
        <Attr Name="UsedIn" Val="implementation"/>
        <Attr Name="UsedIn" Val="simulation"/>
      </FileInfo>
    </File>
    <File Path="$PSRCDIR/sources_1/imports/Term Project Source Files Folder-20211025/CRTcontroller2020fall.v">
      <FileInfo>
        <Attr Name="AutoDisabled" Val="1"/>
        <Attr Name="ImportPath" Val="$PPRDIR/../../../../../../../../../../../Downloads/Term Project Source Files Folder-20211025/CRTcontroller2020fall.v"/>
        <Attr Name="ImportTime" Val="1635186762"/>
        <Attr Name="UsedIn" Val="synthesis"/>
        <Attr Name="UsedIn" Val="implementation"/>
        <Attr Name="UsedIn" Val="simulation"/>
      </FileInfo>
    </File>
    <File Path="$PSRCDIR/sources_1/imports/Term Project Source Files Folder-20211025/ClockedNegativeOneShot.v">
      <FileInfo>
        <Attr Name="AutoDisabled" Val="1"/>
        <Attr Name="ImportPath" Val="$PPRDIR/../../../../../../../../../../../Downloads/Term Project Source Files Folder-20211025/ClockedNegativeOneShot.v"/>
        <Attr Name="ImportTime" Val="1635186762"/>
        <Attr Name="UsedIn" Val="synthesis"/>
        <Attr Name="UsedIn" Val="implementation"/>
        <Attr Name="UsedIn" Val="simulation"/>
      </FileInfo>
    </File>
    <File Path="$PSRCDIR/sources_1/imports/Term Project Source Files Folder-20211025/Game2020fall.v">
      <FileInfo>
        <Attr Name="AutoDisabled" Val="1"/>
        <Attr Name="ImportPath" Val="$PPRDIR/../../../../../../../../../../../Downloads/Term Project Source Files Folder-20211025/Game2020fall.v"/>
        <Attr Name="ImportTime" Val="1635186762"/>
        <Attr Name="UsedIn" Val="synthesis"/>
        <Attr Name="UsedIn" Val="implementation"/>
        <Attr Name="UsedIn" Val="simulation"/>
      </FileInfo>
    </File>
    <File Path="$PSRCDIR/sources_1/imports/Term Project Source Files Folder-20211025/UniversalCounter2020fall.v">
      <FileInfo>
        <Attr Name="AutoDisabled" Val="1"/>
        <Attr Name="ImportPath" Val="$PPRDIR/../../../../../../../../../../../Downloads/Term Project Source Files Folder-20211025/UniversalCounter2020fall.v"/>
        <Attr Name="ImportTime" Val="1635186762"/>
        <Attr Name="UsedIn" Val="synthesis"/>
        <Attr Name="UsedIn" Val="implementation"/>
        <Attr Name="UsedIn" Val="simulation"/>
      </FileInfo>
    </File>
    <File Path="$PSRCDIR/sources_1/imports/Term Project Source Files Folder-20211025/hsyncModule2020fall.v">
      <FileInfo>
        <Attr Name="AutoDisabled" Val="1"/>
        <Attr Name="ImportPath" Val="$PPRDIR/../../../../../../../../../../../Downloads/Term Project Source Files Folder-20211025/hsyncModule2020fall.v"/>
        <Attr Name="ImportTime" Val="1635186762"/>
        <Attr Name="UsedIn" Val="synthesis"/>
        <Attr Name="UsedIn" Val="implementation"/>
        <Attr Name="UsedIn" Val="simulation"/>
      </FileInfo>
    </File>
    <File Path="$PSRCDIR/sources_1/imports/Term Project Source Files Folder-20211025/PongGame2020fall_template.v">
      <FileInfo>
        <Attr Name="AutoDisabled" Val="1"/>
        <Attr Name="ImportPath" Val="$PPRDIR/../../../../../../../../../../../Downloads/Term Project Source Files Folder-20211025/PongGame2020fall_template.v"/>
        <Attr Name="ImportTime" Val="1635186762"/>
        <Attr Name="UsedIn" Val="synthesis"/>
        <Attr Name="UsedIn" Val="implementation"/>
        <Attr Name="UsedIn" Val="simulation"/>
      </FileInfo>
    </File>
    <File Path="$PSRCDIR/sources_1/imports/Term Project Source Files Folder-20211025/ClockedPositiveOneShot.v">
      <FileInfo>
        <Attr Name="AutoDisabled" Val="1"/>
        <Attr Name="ImportPath" Val="$PPRDIR/../../../../../../../../../../../Downloads/Term Project Source Files Folder-20211025/ClockedPositiveOneShot.v"/>
        <Attr Name="ImportTime" Val="1635186762"/>
        <Attr Name="UsedIn" Val="synthesis"/>
        <Attr Name="UsedIn" Val="implementation"/>
        <Attr Name="UsedIn" Val="simulation"/>
      </FileInfo>
    </File>
    <Config>
      <Option Name="DesignMode" Val="RTL"/>
      <Option Name="TopModule" Val="pong"/>
    </Config>
  </FileSet>
  <FileSet Name="constrs_in" Type="Constrs" RelSrcDir="$PSRCDIR/constrs_1">
    <Filter Type="Constrs"/>
    <File Path="$PSRCDIR/constrs_1/new/Original_Constraints_File.xdc">
      <FileInfo>
        <Attr Name="ImportPath" Val="$PPRDIR/../../../../../../../../ECE433/Final Project/ECE433_PongVGA/PongGame2020fallpahse1_JD_NS/PongGame2020fallpahse1_JD_NS.srcs/constrs_1/new/Original_Constraints_File.xdc"/>
        <Attr Name="ImportTime" Val="1635290330"/>
        <Attr Name="UsedIn" Val="synthesis"/>
        <Attr Name="UsedIn" Val="implementation"/>
      </FileInfo>
    </File>
    <Config>
      <Option Name="TargetConstrsFile" Val="$PSRCDIR/constrs_1/new/Original_Constraints_File.xdc"/>
      <Option Name="ConstrsType" Val="XDC"/>
    </Config>
  </FileSet>
  <FileSet Name="utils" Type="Utils" RelSrcDir="$PSRCDIR/utils_1">
    <Filter Type="Utils"/>
    <Config>
      <Option Name="TopAutoSet" Val="TRUE"/>
    </Config>
  </FileSet>
  <Strategy Version="1" Minor="2">
    <StratHandle Name="Vivado Implementation Defaults" Flow="Vivado Implementation 2019"/>
    <Step Id="init_design"/>
    <Step Id="opt_design"/>
    <Step Id="power_opt_design"/>
    <Step Id="place_design"/>
    <Step Id="post_place_power_opt_design"/>
    <Step Id="phys_opt_design" EnableStepBool="1"/>
    <Step Id="route_design"/>
    <Step Id="post_route_phys_opt_design"/>
    <Step Id="write_bitstream"/>
    <Step Id="write_device_image"/>
  </Strategy>
  <BlockFileSet Type="BlockSrcs" Name="clk_50MHz"/>
</GenRun>
