<?xml version="1.0" encoding="UTF-8"?>
<GenRun Id="impl_1" LaunchPart="xc7a100tcsg324-1" LaunchTime="1635791239">
  <File Type="ROUTE-PWR" Name="PongGame2020fall_template_power_routed.rpt"/>
  <File Type="PA-TCL" Name="PongGame2020fall_template.tcl"/>
  <File Type="BITSTR-BMM" Name="PongGame2020fall_template_bd.bmm"/>
  <File Type="ROUTE-PWR-SUM" Name="PongGame2020fall_template_power_summary_routed.pb"/>
  <File Type="REPORTS-TCL" Name="PongGame2020fall_template_reports.tcl"/>
  <File Type="OPT-DCP" Name="PongGame2020fall_template_opt.dcp"/>
  <File Type="OPT-DRC" Name="PongGame2020fall_template_drc_opted.rpt"/>
  <File Type="OPT-HWDEF" Name="PongGame2020fall_template.hwdef"/>
  <File Type="PWROPT-DCP" Name="PongGame2020fall_template_pwropt.dcp"/>
  <File Type="PLACE-DCP" Name="PongGame2020fall_template_placed.dcp"/>
  <File Type="PLACE-IO" Name="PongGame2020fall_template_io_placed.rpt"/>
  <File Type="PLACE-UTIL" Name="PongGame2020fall_template_utilization_placed.rpt"/>
  <File Type="PLACE-UTIL-PB" Name="PongGame2020fall_template_utilization_placed.pb"/>
  <File Type="PLACE-CTRL" Name="PongGame2020fall_template_control_sets_placed.rpt"/>
  <File Type="PLACE-PRE-SIMILARITY" Name="PongGame2020fall_template_incremental_reuse_pre_placed.rpt"/>
  <File Type="POSTPLACE-PWROPT-DCP" Name="PongGame2020fall_template_postplace_pwropt.dcp"/>
  <File Type="BG-BIN" Name="PongGame2020fall_template.bin"/>
  <File Type="PHYSOPT-DCP" Name="PongGame2020fall_template_physopt.dcp"/>
  <File Type="BITSTR-MSK" Name="PongGame2020fall_template.msk"/>
  <File Type="ROUTE-ERROR-DCP" Name="PongGame2020fall_template_routed_error.dcp"/>
  <File Type="ROUTE-DCP" Name="PongGame2020fall_template_routed.dcp"/>
  <File Type="ROUTE-BLACKBOX-DCP" Name="PongGame2020fall_template_routed_bb.dcp"/>
  <File Type="ROUTE-DRC" Name="PongGame2020fall_template_drc_routed.rpt"/>
  <File Type="ROUTE-DRC-PB" Name="PongGame2020fall_template_drc_routed.pb"/>
  <File Type="ROUTE-DRC-RPX" Name="PongGame2020fall_template_drc_routed.rpx"/>
  <File Type="ROUTE-METHODOLOGY-DRC" Name="PongGame2020fall_template_methodology_drc_routed.rpt"/>
  <File Type="BITSTR-MMI" Name="PongGame2020fall_template.mmi"/>
  <File Type="ROUTE-METHODOLOGY-DRC-RPX" Name="PongGame2020fall_template_methodology_drc_routed.rpx"/>
  <File Type="ROUTE-METHODOLOGY-DRC-PB" Name="PongGame2020fall_template_methodology_drc_routed.pb"/>
  <File Type="ROUTE-PWR-RPX" Name="PongGame2020fall_template_power_routed.rpx"/>
  <File Type="ROUTE-STATUS" Name="PongGame2020fall_template_route_status.rpt"/>
  <File Type="ROUTE-STATUS-PB" Name="PongGame2020fall_template_route_status.pb"/>
  <File Type="ROUTE-TIMINGSUMMARY" Name="PongGame2020fall_template_timing_summary_routed.rpt"/>
  <File Type="ROUTE-TIMING-PB" Name="PongGame2020fall_template_timing_summary_routed.pb"/>
  <File Type="ROUTE-TIMING-RPX" Name="PongGame2020fall_template_timing_summary_routed.rpx"/>
  <File Type="ROUTE-CLK" Name="PongGame2020fall_template_clock_utilization_routed.rpt"/>
  <File Type="ROUTE-BUS-SKEW" Name="PongGame2020fall_template_bus_skew_routed.rpt"/>
  <File Type="ROUTE-BUS-SKEW-PB" Name="PongGame2020fall_template_bus_skew_routed.pb"/>
  <File Type="ROUTE-BUS-SKEW-RPX" Name="PongGame2020fall_template_bus_skew_routed.rpx"/>
  <File Type="POSTROUTE-PHYSOPT-DCP" Name="PongGame2020fall_template_postroute_physopt.dcp"/>
  <File Type="POSTROUTE-PHYSOPT-BLACKBOX-DCP" Name="PongGame2020fall_template_postroute_physopt_bb.dcp"/>
  <File Type="BG-BIT" Name="PongGame2020fall_template.bit"/>
  <File Type="BITSTR-RBT" Name="PongGame2020fall_template.rbt"/>
  <File Type="BITSTR-NKY" Name="PongGame2020fall_template.nky"/>
  <File Type="PDI-FILE" Name="PongGame2020fall_template.pdi"/>
  <File Type="RCFI_FILE" Name="PongGame2020fall_template.rcfi"/>
  <File Type="CFI_FILE" Name="PongGame2020fall_template.cfi"/>
  <File Type="RNPI_FILE" Name="PongGame2020fall_template.rnpi"/>
  <File Type="NPI_FILE" Name="PongGame2020fall_template.npi"/>
  <File Type="RBD_FILE" Name="PongGame2020fall_template.rbd"/>
  <File Type="BITSTR-LTX" Name="PongGame2020fall_template.ltx"/>
  <File Type="BITSTR-SYSDEF" Name="PongGame2020fall_template.sysdef"/>
  <File Type="BG-BGN" Name="PongGame2020fall_template.bgn"/>
  <File Type="BG-DRC" Name="PongGame2020fall_template.drc"/>
  <File Type="RDI-RDI" Name="PongGame2020fall_template.vdi"/>
  <File Type="WBT-USG" Name="usage_statistics_webtalk.html"/>
  <FileSet Name="sources" Type="DesignSrcs" RelSrcDir="$PSRCDIR/sources_1">
    <Filter Type="Srcs"/>
    <File Path="$PSRCDIR/sources_1/imports/Term Project Source Files Folder-20211025/CRTClock2020Template.v">
      <FileInfo>
        <Attr Name="ImportPath" Val="$PPRDIR/../../../../../../../../../../../Downloads/Term Project Source Files Folder-20211025/CRTClock2020Template.v"/>
        <Attr Name="ImportTime" Val="1635186762"/>
        <Attr Name="UsedIn" Val="synthesis"/>
        <Attr Name="UsedIn" Val="implementation"/>
        <Attr Name="UsedIn" Val="simulation"/>
      </FileInfo>
    </File>
    <File Path="$PSRCDIR/sources_1/imports/Term Project Source Files Folder-20211025/CRTcontroller2020fall.v">
      <FileInfo>
        <Attr Name="ImportPath" Val="$PPRDIR/../../../../../../../../../../../Downloads/Term Project Source Files Folder-20211025/CRTcontroller2020fall.v"/>
        <Attr Name="ImportTime" Val="1635186762"/>
        <Attr Name="UsedIn" Val="synthesis"/>
        <Attr Name="UsedIn" Val="implementation"/>
        <Attr Name="UsedIn" Val="simulation"/>
      </FileInfo>
    </File>
    <File Path="$PSRCDIR/sources_1/imports/Term Project Source Files Folder-20211025/ClockedNegativeOneShot.v">
      <FileInfo>
        <Attr Name="ImportPath" Val="$PPRDIR/../../../../../../../../../../../Downloads/Term Project Source Files Folder-20211025/ClockedNegativeOneShot.v"/>
        <Attr Name="ImportTime" Val="1635186762"/>
        <Attr Name="UsedIn" Val="synthesis"/>
        <Attr Name="UsedIn" Val="implementation"/>
        <Attr Name="UsedIn" Val="simulation"/>
      </FileInfo>
    </File>
    <File Path="$PSRCDIR/sources_1/imports/Term Project Source Files Folder-20211025/Game2020fall.v">
      <FileInfo>
        <Attr Name="ImportPath" Val="$PPRDIR/../../../../../../../../../../../Downloads/Term Project Source Files Folder-20211025/Game2020fall.v"/>
        <Attr Name="ImportTime" Val="1635186762"/>
        <Attr Name="UsedIn" Val="synthesis"/>
        <Attr Name="UsedIn" Val="implementation"/>
        <Attr Name="UsedIn" Val="simulation"/>
      </FileInfo>
    </File>
    <File Path="$PSRCDIR/sources_1/imports/Term Project Source Files Folder-20211025/UniversalCounter2020fall.v">
      <FileInfo>
        <Attr Name="ImportPath" Val="$PPRDIR/../../../../../../../../../../../Downloads/Term Project Source Files Folder-20211025/UniversalCounter2020fall.v"/>
        <Attr Name="ImportTime" Val="1635186762"/>
        <Attr Name="UsedIn" Val="synthesis"/>
        <Attr Name="UsedIn" Val="implementation"/>
        <Attr Name="UsedIn" Val="simulation"/>
      </FileInfo>
    </File>
    <File Path="$PSRCDIR/sources_1/imports/Term Project Source Files Folder-20211025/hsyncModule2020fall.v">
      <FileInfo>
        <Attr Name="ImportPath" Val="$PPRDIR/../../../../../../../../../../../Downloads/Term Project Source Files Folder-20211025/hsyncModule2020fall.v"/>
        <Attr Name="ImportTime" Val="1635186762"/>
        <Attr Name="UsedIn" Val="synthesis"/>
        <Attr Name="UsedIn" Val="implementation"/>
        <Attr Name="UsedIn" Val="simulation"/>
      </FileInfo>
    </File>
    <File Path="$PSRCDIR/sources_1/imports/Term Project Source Files Folder-20211025/vsyncModule2020fallTemplate.v">
      <FileInfo>
        <Attr Name="ImportPath" Val="$PPRDIR/../../../../../../../../../../../Downloads/Term Project Source Files Folder-20211025/vsyncModule2020fallTemplate.v"/>
        <Attr Name="ImportTime" Val="1635186762"/>
        <Attr Name="UsedIn" Val="synthesis"/>
        <Attr Name="UsedIn" Val="implementation"/>
        <Attr Name="UsedIn" Val="simulation"/>
      </FileInfo>
    </File>
    <File Path="$PSRCDIR/sources_1/imports/Term Project Source Files Folder-20211025/PongGame2020fall_template.v">
      <FileInfo>
        <Attr Name="ImportPath" Val="$PPRDIR/../../../../../../../../../../../Downloads/Term Project Source Files Folder-20211025/PongGame2020fall_template.v"/>
        <Attr Name="ImportTime" Val="1635186762"/>
        <Attr Name="UsedIn" Val="synthesis"/>
        <Attr Name="UsedIn" Val="implementation"/>
        <Attr Name="UsedIn" Val="simulation"/>
      </FileInfo>
    </File>
    <File Path="$PSRCDIR/sources_1/imports/Term Project Source Files Folder-20211025/OriginalPong.v">
      <FileInfo>
        <Attr Name="AutoDisabled" Val="1"/>
        <Attr Name="ImportPath" Val="$PPRDIR/../../../../../../../../../../../Downloads/Term Project Source Files Folder-20211025/OriginalPong.v"/>
        <Attr Name="ImportTime" Val="1635186762"/>
        <Attr Name="UsedIn" Val="synthesis"/>
        <Attr Name="UsedIn" Val="implementation"/>
        <Attr Name="UsedIn" Val="simulation"/>
      </FileInfo>
    </File>
    <File Path="$PSRCDIR/sources_1/imports/Term Project Source Files Folder-20211025/ClockedPositiveOneShot.v">
      <FileInfo>
        <Attr Name="AutoDisabled" Val="1"/>
        <Attr Name="ImportPath" Val="$PPRDIR/../../../../../../../../../../../Downloads/Term Project Source Files Folder-20211025/ClockedPositiveOneShot.v"/>
        <Attr Name="ImportTime" Val="1635186762"/>
        <Attr Name="UsedIn" Val="synthesis"/>
        <Attr Name="UsedIn" Val="implementation"/>
        <Attr Name="UsedIn" Val="simulation"/>
      </FileInfo>
    </File>
    <Config>
      <Option Name="DesignMode" Val="RTL"/>
      <Option Name="TopModule" Val="PongGame2020fall_template"/>
    </Config>
  </FileSet>
  <FileSet Name="constrs_in" Type="Constrs" RelSrcDir="$PSRCDIR/constrs_1">
    <Filter Type="Constrs"/>
    <File Path="$PSRCDIR/constrs_1/new/Original_Constraints_File.xdc">
      <FileInfo>
        <Attr Name="ImportPath" Val="$PPRDIR/../../../../../../../../ECE433/Final Project/ECE433_PongVGA/PongGame2020fallpahse1_JD_NS/PongGame2020fallpahse1_JD_NS.srcs/constrs_1/new/Original_Constraints_File.xdc"/>
        <Attr Name="ImportTime" Val="1635265168"/>
        <Attr Name="UsedIn" Val="synthesis"/>
        <Attr Name="UsedIn" Val="implementation"/>
      </FileInfo>
    </File>
    <Config>
      <Option Name="TargetConstrsFile" Val="$PSRCDIR/constrs_1/new/Original_Constraints_File.xdc"/>
      <Option Name="ConstrsType" Val="XDC"/>
    </Config>
  </FileSet>
  <FileSet Name="utils" Type="Utils" RelSrcDir="$PSRCDIR/utils_1">
    <Filter Type="Utils"/>
    <Config>
      <Option Name="TopAutoSet" Val="TRUE"/>
    </Config>
  </FileSet>
  <Strategy Version="1" Minor="2">
    <StratHandle Name="Vivado Implementation Defaults" Flow="Vivado Implementation 2019"/>
    <Step Id="init_design"/>
    <Step Id="opt_design"/>
    <Step Id="power_opt_design"/>
    <Step Id="place_design"/>
    <Step Id="post_place_power_opt_design"/>
    <Step Id="phys_opt_design" EnableStepBool="1"/>
    <Step Id="route_design"/>
    <Step Id="post_route_phys_opt_design"/>
    <Step Id="write_bitstream"/>
    <Step Id="write_device_image"/>
  </Strategy>
</GenRun>
