<?xml version="1.0" encoding="UTF-8"?>
<GenRun Id="synth_1" LaunchPart="xc7a100tcsg324-1" LaunchTime="1636051255">
  <File Type="PA-TCL" Name="PongWithSound.tcl"/>
  <File Type="REPORTS-TCL" Name="PongWithSound_reports.tcl"/>
  <File Type="RDS-RDS" Name="PongWithSound.vds"/>
  <File Type="RDS-UTIL" Name="PongWithSound_utilization_synth.rpt"/>
  <File Type="RDS-UTIL-PB" Name="PongWithSound_utilization_synth.pb"/>
  <File Type="RDS-DCP" Name="PongWithSound.dcp"/>
  <FileSet Name="sources" Type="DesignSrcs" RelSrcDir="$PSRCDIR/sources_1">
    <Filter Type="Srcs"/>
    <File Path="$PSRCDIR/sources_1/imports/Term Project Source Files Folder-20211025/CRTClock2020Template.v">
      <FileInfo>
        <Attr Name="ImportPath" Val="$PPRDIR/../../../../../../../../../../../Downloads/Term Project Source Files Folder-20211025/CRTClock2020Template.v"/>
        <Attr Name="ImportTime" Val="1635186762"/>
        <Attr Name="UsedIn" Val="synthesis"/>
        <Attr Name="UsedIn" Val="implementation"/>
        <Attr Name="UsedIn" Val="simulation"/>
      </FileInfo>
    </File>
    <File Path="$PSRCDIR/sources_1/imports/Term Project Source Files Folder-20211025/CRTcontroller2020fall.v">
      <FileInfo>
        <Attr Name="ImportPath" Val="$PPRDIR/../../../../../../../../../../../Downloads/Term Project Source Files Folder-20211025/CRTcontroller2020fall.v"/>
        <Attr Name="ImportTime" Val="1635186762"/>
        <Attr Name="UsedIn" Val="synthesis"/>
        <Attr Name="UsedIn" Val="implementation"/>
        <Attr Name="UsedIn" Val="simulation"/>
      </FileInfo>
    </File>
    <File Path="$PSRCDIR/sources_1/imports/Term Project Source Files Folder-20211025/ClockedNegativeOneShot.v">
      <FileInfo>
        <Attr Name="ImportPath" Val="$PPRDIR/../../../../../../../../../../../Downloads/Term Project Source Files Folder-20211025/ClockedNegativeOneShot.v"/>
        <Attr Name="ImportTime" Val="1635186762"/>
        <Attr Name="UsedIn" Val="synthesis"/>
        <Attr Name="UsedIn" Val="implementation"/>
        <Attr Name="UsedIn" Val="simulation"/>
      </FileInfo>
    </File>
    <File Path="$PSRCDIR/sources_1/imports/Term Project Source Files Folder-20211025/ClockedPositiveOneShot.v">
      <FileInfo>
        <Attr Name="ImportPath" Val="$PPRDIR/../../../../../../../../../../../Downloads/Term Project Source Files Folder-20211025/ClockedPositiveOneShot.v"/>
        <Attr Name="ImportTime" Val="1635186762"/>
        <Attr Name="UsedIn" Val="synthesis"/>
        <Attr Name="UsedIn" Val="implementation"/>
        <Attr Name="UsedIn" Val="simulation"/>
      </FileInfo>
    </File>
    <File Path="$PSRCDIR/sources_1/imports/Term Project Source Files Folder-20211025/Game2020fall.v">
      <FileInfo>
        <Attr Name="ImportPath" Val="$PPRDIR/../../../../../../../../../../../Downloads/Term Project Source Files Folder-20211025/Game2020fall.v"/>
        <Attr Name="ImportTime" Val="1635186762"/>
        <Attr Name="UsedIn" Val="synthesis"/>
        <Attr Name="UsedIn" Val="implementation"/>
        <Attr Name="UsedIn" Val="simulation"/>
      </FileInfo>
    </File>
    <File Path="$PSRCDIR/sources_1/imports/Term Project Source Files Folder-20211025/PongGame2020fall_template.v">
      <FileInfo>
        <Attr Name="ImportPath" Val="$PPRDIR/../../../../../../../../../../../Downloads/Term Project Source Files Folder-20211025/PongGame2020fall_template.v"/>
        <Attr Name="ImportTime" Val="1635186762"/>
        <Attr Name="UsedIn" Val="synthesis"/>
        <Attr Name="UsedIn" Val="implementation"/>
        <Attr Name="UsedIn" Val="simulation"/>
      </FileInfo>
    </File>
    <File Path="$PSRCDIR/sources_1/imports/Term Project Source Files Folder-20211025/UniversalCounter2020fall.v">
      <FileInfo>
        <Attr Name="ImportPath" Val="$PPRDIR/../../../../../../../../../../../Downloads/Term Project Source Files Folder-20211025/UniversalCounter2020fall.v"/>
        <Attr Name="ImportTime" Val="1635186762"/>
        <Attr Name="UsedIn" Val="synthesis"/>
        <Attr Name="UsedIn" Val="implementation"/>
        <Attr Name="UsedIn" Val="simulation"/>
      </FileInfo>
    </File>
    <File Path="$PSRCDIR/sources_1/imports/Term Project Source Files Folder-20211025/hsyncModule2020fall.v">
      <FileInfo>
        <Attr Name="ImportPath" Val="$PPRDIR/../../../../../../../../../../../Downloads/Term Project Source Files Folder-20211025/hsyncModule2020fall.v"/>
        <Attr Name="ImportTime" Val="1635186762"/>
        <Attr Name="UsedIn" Val="synthesis"/>
        <Attr Name="UsedIn" Val="implementation"/>
        <Attr Name="UsedIn" Val="simulation"/>
      </FileInfo>
    </File>
    <File Path="$PSRCDIR/sources_1/imports/Term Project Source Files Folder-20211025/vsyncModule2020fallTemplate.v">
      <FileInfo>
        <Attr Name="ImportPath" Val="$PPRDIR/../../../../../../../../../../../Downloads/Term Project Source Files Folder-20211025/vsyncModule2020fallTemplate.v"/>
        <Attr Name="ImportTime" Val="1635186762"/>
        <Attr Name="UsedIn" Val="synthesis"/>
        <Attr Name="UsedIn" Val="implementation"/>
        <Attr Name="UsedIn" Val="simulation"/>
      </FileInfo>
    </File>
    <File Path="$PSRCDIR/sources_1/imports/Play sound circuit-20211101/PlaySoundNexysA7.v">
      <FileInfo>
        <Attr Name="ImportPath" Val="$PPRDIR/../../../../../../../../ECE433/Final Project/ECE433_PongVGA/PongGame2021FallPhase3_JD_NS/PongGame2021FallPhase3_JD_NS.srcs/sources_1/imports/Play sound circuit-20211101/PlaySoundNexysA7.v"/>
        <Attr Name="ImportTime" Val="1635885274"/>
        <Attr Name="UsedIn" Val="synthesis"/>
        <Attr Name="UsedIn" Val="implementation"/>
        <Attr Name="UsedIn" Val="simulation"/>
      </FileInfo>
    </File>
    <File Path="$PSRCDIR/sources_1/imports/Play sound circuit-20211101/SheetReader.v">
      <FileInfo>
        <Attr Name="ImportPath" Val="$PPRDIR/../../../../../../../../ECE433/Final Project/ECE433_PongVGA/PongGame2021FallPhase3_JD_NS/PongGame2021FallPhase3_JD_NS.srcs/sources_1/imports/Play sound circuit-20211101/SheetReader.v"/>
        <Attr Name="ImportTime" Val="1635885067"/>
        <Attr Name="UsedIn" Val="synthesis"/>
        <Attr Name="UsedIn" Val="implementation"/>
        <Attr Name="UsedIn" Val="simulation"/>
      </FileInfo>
    </File>
    <File Path="$PSRCDIR/sources_1/imports/Play sound circuit-20211101/OneSecElapseTime.v">
      <FileInfo>
        <Attr Name="ImportPath" Val="$PPRDIR/../../../../../../../../ECE433/Final Project/ECE433_PongVGA/PongGame2021FallPhase3_JD_NS/PongGame2021FallPhase3_JD_NS.srcs/sources_1/imports/Play sound circuit-20211101/OneSecElapseTime.v"/>
        <Attr Name="ImportTime" Val="1635792092"/>
        <Attr Name="UsedIn" Val="synthesis"/>
        <Attr Name="UsedIn" Val="implementation"/>
        <Attr Name="UsedIn" Val="simulation"/>
      </FileInfo>
    </File>
    <File Path="$PSRCDIR/sources_1/imports/Play sound circuit-20211101/WaveForm.v">
      <FileInfo>
        <Attr Name="ImportPath" Val="$PPRDIR/../../../../../../../../ECE433/Final Project/ECE433_PongVGA/PongGame2021FallPhase3_JD_NS/PongGame2021FallPhase3_JD_NS.srcs/sources_1/imports/Play sound circuit-20211101/WaveForm.v"/>
        <Attr Name="ImportTime" Val="1635792092"/>
        <Attr Name="UsedIn" Val="synthesis"/>
        <Attr Name="UsedIn" Val="implementation"/>
        <Attr Name="UsedIn" Val="simulation"/>
      </FileInfo>
    </File>
    <File Path="$PSRCDIR/sources_1/imports/Play sound circuit-20211101/MusicScore.v">
      <FileInfo>
        <Attr Name="ImportPath" Val="$PPRDIR/../../../../../../../../ECE433/Final Project/ECE433_PongVGA/PongGame2021FallPhase3_JD_NS/PongGame2021FallPhase3_JD_NS.srcs/sources_1/imports/Play sound circuit-20211101/MusicScore.v"/>
        <Attr Name="ImportTime" Val="1635885064"/>
        <Attr Name="UsedIn" Val="synthesis"/>
        <Attr Name="UsedIn" Val="implementation"/>
        <Attr Name="UsedIn" Val="simulation"/>
      </FileInfo>
    </File>
    <File Path="$PSRCDIR/sources_1/imports/Play sound circuit-20211101/DelayLoop.v">
      <FileInfo>
        <Attr Name="ImportPath" Val="$PPRDIR/../../../../../../../../ECE433/Final Project/ECE433_PongVGA/PongGame2021FallPhase3_JD_NS/PongGame2021FallPhase3_JD_NS.srcs/sources_1/imports/Play sound circuit-20211101/DelayLoop.v"/>
        <Attr Name="ImportTime" Val="1635792092"/>
        <Attr Name="UsedIn" Val="synthesis"/>
        <Attr Name="UsedIn" Val="implementation"/>
        <Attr Name="UsedIn" Val="simulation"/>
      </FileInfo>
    </File>
    <File Path="$PSRCDIR/sources_1/imports/Play sound circuit-20211101/ThreeMusicNotes.v">
      <FileInfo>
        <Attr Name="ImportPath" Val="$PPRDIR/../../../../../../../../ECE433/Final Project/ECE433_PongVGA/PongGame2021FallPhase3_JD_NS/PongGame2021FallPhase3_JD_NS.srcs/sources_1/imports/Play sound circuit-20211101/ThreeMusicNotes.v"/>
        <Attr Name="ImportTime" Val="1635792092"/>
        <Attr Name="UsedIn" Val="synthesis"/>
        <Attr Name="UsedIn" Val="implementation"/>
        <Attr Name="UsedIn" Val="simulation"/>
      </FileInfo>
    </File>
    <File Path="$PSRCDIR/sources_1/imports/Play sound circuit-20211101/InputModule.v">
      <FileInfo>
        <Attr Name="ImportPath" Val="$PPRDIR/../../../../../../../../ECE433/Final Project/ECE433_PongVGA/PongGame2021FallPhase3_JD_NS/PongGame2021FallPhase3_JD_NS.srcs/sources_1/imports/Play sound circuit-20211101/InputModule.v"/>
        <Attr Name="ImportTime" Val="1635792092"/>
        <Attr Name="UsedIn" Val="synthesis"/>
        <Attr Name="UsedIn" Val="implementation"/>
        <Attr Name="UsedIn" Val="simulation"/>
      </FileInfo>
    </File>
    <File Path="$PSRCDIR/sources_1/imports/Play sound circuit-20211101/PlayNote2.v">
      <FileInfo>
        <Attr Name="ImportPath" Val="$PPRDIR/../../../../../../../../ECE433/Final Project/ECE433_PongVGA/PongGame2021FallPhase3_JD_NS/PongGame2021FallPhase3_JD_NS.srcs/sources_1/imports/Play sound circuit-20211101/PlayNote2.v"/>
        <Attr Name="ImportTime" Val="1635792092"/>
        <Attr Name="UsedIn" Val="synthesis"/>
        <Attr Name="UsedIn" Val="implementation"/>
        <Attr Name="UsedIn" Val="simulation"/>
      </FileInfo>
    </File>
    <File Path="$PSRCDIR/sources_1/imports/Play sound circuit-20211101/debouncer.v">
      <FileInfo>
        <Attr Name="ImportPath" Val="$PPRDIR/../../../../../../../../ECE433/Final Project/ECE433_PongVGA/PongGame2021FallPhase3_JD_NS/PongGame2021FallPhase3_JD_NS.srcs/sources_1/imports/Play sound circuit-20211101/debouncer.v"/>
        <Attr Name="ImportTime" Val="1635792092"/>
        <Attr Name="UsedIn" Val="synthesis"/>
        <Attr Name="UsedIn" Val="implementation"/>
        <Attr Name="UsedIn" Val="simulation"/>
      </FileInfo>
    </File>
    <File Path="$PSRCDIR/sources_1/imports/Play sound circuit-20211101/NoteMap.v">
      <FileInfo>
        <Attr Name="ImportPath" Val="$PPRDIR/../../../../../../../../ECE433/Final Project/ECE433_PongVGA/PongGame2021FallPhase3_JD_NS/PongGame2021FallPhase3_JD_NS.srcs/sources_1/imports/Play sound circuit-20211101/NoteMap.v"/>
        <Attr Name="ImportTime" Val="1635792092"/>
        <Attr Name="UsedIn" Val="synthesis"/>
        <Attr Name="UsedIn" Val="implementation"/>
        <Attr Name="UsedIn" Val="simulation"/>
      </FileInfo>
    </File>
    <File Path="$PSRCDIR/sources_1/imports/Play sound circuit-20211101/ClockedOneShot.v">
      <FileInfo>
        <Attr Name="ImportPath" Val="$PPRDIR/../../../../../../../../ECE433/Final Project/ECE433_PongVGA/PongGame2021FallPhase3_JD_NS/PongGame2021FallPhase3_JD_NS.srcs/sources_1/imports/Play sound circuit-20211101/ClockedOneShot.v"/>
        <Attr Name="ImportTime" Val="1635792092"/>
        <Attr Name="UsedIn" Val="synthesis"/>
        <Attr Name="UsedIn" Val="implementation"/>
        <Attr Name="UsedIn" Val="simulation"/>
      </FileInfo>
    </File>
    <Config>
      <Option Name="DesignMode" Val="RTL"/>
      <Option Name="TopModule" Val="PongWithSound"/>
    </Config>
  </FileSet>
  <FileSet Name="constrs_in" Type="Constrs" RelSrcDir="$PSRCDIR/constrs_1">
    <Filter Type="Constrs"/>
    <File Path="$PSRCDIR/constrs_1/new/Original_Constraints_File.xdc">
      <FileInfo>
        <Attr Name="ImportPath" Val="$PPRDIR/../../../../../../../../ECE433/Final Project/ECE433_PongVGA/PongGame2020fallpahse1_JD_NS/PongGame2020fallpahse1_JD_NS.srcs/constrs_1/new/Original_Constraints_File.xdc"/>
        <Attr Name="ImportTime" Val="1635265168"/>
        <Attr Name="UsedIn" Val="synthesis"/>
        <Attr Name="UsedIn" Val="implementation"/>
      </FileInfo>
    </File>
    <Config>
      <Option Name="TargetConstrsFile" Val="$PSRCDIR/constrs_1/new/Original_Constraints_File.xdc"/>
      <Option Name="ConstrsType" Val="XDC"/>
    </Config>
  </FileSet>
  <FileSet Name="utils" Type="Utils" RelSrcDir="$PSRCDIR/utils_1">
    <Filter Type="Utils"/>
    <Config>
      <Option Name="TopAutoSet" Val="TRUE"/>
    </Config>
  </FileSet>
  <Strategy Version="1" Minor="2">
    <StratHandle Name="Vivado Synthesis Defaults" Flow="Vivado Synthesis 2019"/>
    <Step Id="synth_design"/>
  </Strategy>
  <BlockFileSet Type="BlockSrcs" Name="Clk50MHz"/>
</GenRun>
